{
    "script": 0.411584860436903,
    "main_frame": 0.04935459649840854,
    "sub_frame": 0.7496367168509214,
    "image": 0.25110313973993825,
    "xmlhttprequest": 0.5188205881464371,
    "stylesheet": 0.12473715721774987,
    "font": 0.3888877929558542,
    "imageset": 0.02196731364911871,
    "websocket": 0.38763363084762775,
    "beacon": 0.8954156557915889,
    "media": 0.08081387076845002,
    "csp_report": 0.24762021947557375,
    "other": 0.014156833665260622,
    "object": 0.10798148319037258
}